{
  "0.1": {
    "MeanA": 909.1,
    "VarA": 116.47474747474747,
    "MeanB": 90.9,
    "VarB": 116.47474747474747
  },
  "0.2": {
    "MeanA": 833.52,
    "VarA": 162.55515151515152,
    "MeanB": 166.48,
    "VarB": 162.55515151515152
  },
  "0.4": {
    "MeanA": 714.19,
    "VarA": 188.6807070707071,
    "MeanB": 285.81,
    "VarB": 188.68070707070706
  },
  "0.6": {
    "MeanA": 625.11,
    "VarA": 237.67464646464646,
    "MeanB": 374.89,
    "VarB": 237.67464646464646
  },
  "0.8": {
    "MeanA": 557.42,
    "VarA": 213.01373737373737,
    "MeanB": 442.58,
    "VarB": 213.01373737373737
  }
}
