{"2": {"MeanA": 669.8069976194561, "VarA": 9.755303766238837, "MeanB": 334.95103809482964, "VarB": 2.1651599770501804, "TheoreticA": 2.9999999999999996, "TheoreticB": 1.5000000000000002}, "4": {"MeanA": 803.2204785887831, "VarA": 14.702612869386352, "MeanB": 200.83651545883595, "VarB": 0.6184013422906628, "TheoreticA": 5.000000000000001, "TheoreticB": 1.2499999999999998}, "6": {"MeanA": 861.7723704817005, "VarA": 17.35097023552927, "MeanB": 143.6176592802043, "VarB": 0.3327641104519767, "TheoreticA": 6.999999999999997, "TheoreticB": 1.1666666666666667}, "8": {"MeanA": 892.7061019559155, "VarA": 18.698780466678077, "MeanB": 111.63839209170344, "VarB": 0.18627444516387257, "TheoreticA": 8.999999999999995, "TheoreticB": 1.125}, "10": {"MeanA": 912.9941079759255, "VarA": 19.145636972799505, "MeanB": 91.34711226216966, "VarB": 0.12861638749677715, "TheoreticA": 10.999999999999996, "TheoreticB": 1.1}}