{
  "0.1": {
    "MeanA": 913.6283522212802,
    "VarA": 19.592177157407068,
    "MeanB": 91.37001087395791,
    "VarB": 0.14427465194546799
  },
  "0.2": {
    "MeanA": 837.3658338978919,
    "VarA": 16.30231859404406,
    "MeanB": 167.43520776877475,
    "VarB": 0.4617248769888334
  },
  "0.4": {
    "MeanA": 717.2655321843918,
    "VarA": 11.423464745951451,
    "MeanB": 286.992503529894,
    "VarB": 1.529744096352144
  },
  "0.6": {
    "MeanA": 628.1836018365224,
    "VarA": 8.898849499030506,
    "MeanB": 377.0171422110966,
    "VarB": 2.8046111821778963
  },
  "0.8": {
    "MeanA": 558.06049242872,
    "VarA": 6.624394102433825,
    "MeanB": 446.5060254284229,
    "VarB": 4.1115395676443365
  }
}
