{
  "2": {
    "MeanA": 667.35,
    "VarA": 196.71464646464645,
    "MeanB": 332.65,
    "VarB": 196.71464646464645,
    "TheoreticA": 2.9999999999999996,
    "TheoreticB": 1.5000000000000002
  },
  "4": {
    "MeanA": 799.34,
    "VarA": 143.94383838383837,
    "MeanB": 200.66,
    "VarB": 143.9438383838384,
    "TheoreticA": 5.000000000000001,
    "TheoreticB": 1.2499999999999998
  },
  "6": {
    "MeanA": 857.77,
    "VarA": 161.18898989898992,
    "MeanB": 142.23,
    "VarB": 161.1889898989899,
    "TheoreticA": 6.999999999999997,
    "TheoreticB": 1.1666666666666667
  },
  "8": {
    "MeanA": 887.74,
    "VarA": 103.22464646464647,
    "MeanB": 112.26,
    "VarB": 103.22464646464647,
    "TheoreticA": 8.999999999999995,
    "TheoreticB": 1.125
  },
  "10": {
    "MeanA": 907.54,
    "VarA": 96.19030303030303,
    "MeanB": 92.46,
    "VarB": 96.19030303030303,
    "TheoreticA": 10.999999999999996,
    "TheoreticB": 1.1
  }
}
