{
  "2": {
    "MeanA": 669,
    "VarA": 221.59595959595958,
    "MeanB": 331,
    "VarB": 221.59595959595958,
    "TheoreticA": 2.9999999999999996,
    "TheoreticB": 1.5000000000000002
  },
  "4": {
    "MeanA": 799.9,
    "VarA": 162.1919191919192,
    "MeanB": 200.1,
    "VarB": 162.1919191919192,
    "TheoreticA": 5.000000000000001,
    "TheoreticB": 1.2499999999999998
  },
  "6": {
    "MeanA": 855.94,
    "VarA": 130.03676767676768,
    "MeanB": 144.06,
    "VarB": 130.03676767676768,
    "TheoreticA": 6.999999999999997,
    "TheoreticB": 1.1666666666666667
  },
  "8": {
    "MeanA": 887,
    "VarA": 88,
    "MeanB": 113,
    "VarB": 88,
    "TheoreticA": 8.999999999999995,
    "TheoreticB": 1.125
  },
  "10": {
    "MeanA": 907.12,
    "VarA": 93.76323232323233,
    "MeanB": 92.88,
    "VarB": 93.76323232323233,
    "TheoreticA": 10.999999999999996,
    "TheoreticB": 1.1
  }
}
