{"4": {"MeanA": 875.17, "VarA": 92.16272727272728, "MeanB": 124.83, "VarB": 92.16272727272727, "TheoreticA": 8.0, "TheoreticB": 1.1428571428571428}, "6": {"MeanA": 917.26, "VarA": 84.88121212121212, "MeanB": 82.74, "VarB": 84.88121212121212, "TheoreticA": 12.0, "TheoreticB": 1.0909090909090908}, "8": {"MeanA": 937.35, "VarA": 51.60353535353535, "MeanB": 62.65, "VarB": 51.60353535353536, "TheoreticA": 16.0, "TheoreticB": 1.0666666666666667}, "10": {"MeanA": 949.88, "VarA": 44.75313131313131, "MeanB": 50.12, "VarB": 44.75313131313131, "TheoreticA": 20.0, "TheoreticB": 1.0526315789473684}}