{
  "0.1": {
    "MeanA": 949.08,
    "VarA": 35.48848484848485,
    "MeanB": 50.92,
    "VarB": 35.48848484848485
  },
  "0.2": {
    "MeanA": 900.15,
    "VarA": 85.44191919191918,
    "MeanB": 99.85,
    "VarB": 85.4419191919192
  },
  "0.4": {
    "MeanA": 800.24,
    "VarA": 148.83070707070706,
    "MeanB": 199.76,
    "VarB": 148.83070707070706
  },
  "0.6": {
    "MeanA": 699.92,
    "VarA": 194.1349494949495,
    "MeanB": 300.08,
    "VarB": 194.1349494949495
  },
  "0.8": {
    "MeanA": 600.7,
    "VarA": 239.30303030303028,
    "MeanB": 399.3,
    "VarB": 239.3030303030303
  }
}
